Firstname,Lastname
Aaron,Abbott
Abbey,Acevedo
Abbie,Acosta
Abby,Adkins
Abdul,Aguilar
Abe,Aguirre
Abel,Albert
Abigail,Alexander
Abraham,Alford
Abram,Ali
Ada,Allison
Adah,Alvarado
Adalberto,Alvarez
Adaline,Andersen
Adam,Andrade
Adan,Andrews
Addie,Anthony
Adela,Archer
Adelaida,Arellano
Adelaide,Arias
Adele,Armstrong
Adelia,Arnold
Adelina,Arroyo
Adeline,Ashley
Adell,Atkins
Adella,Atkinson
Adelle,Austin
Adena,Avery
Adina,Avila
Adolfo,Ayala
Adolph,Ayers
Adria,Bacon
Adrian,Baird
Adriana,Baldwin
Adriane,Ball
Adrianna,Ballard
Adrianne,Banks
Adrien,Barajas
Adriene,Barber
Adrienne,Barker
Afton,Barlow
Agatha,Barnett
Agnes,Barr
Agnus,Barrera
Agripina,Barrett
Agueda,Barron
Agustin,Barry
Agustina,Bartlett
Ahmad,Barton
Ahmed,Bass
Ai,Bates
Aida,Bauer
Aide,Bautista
Aiko,Baxter
Aileen,Beach
Ailene,Bean
Aimee,Beard
Aisha,Beasley
Aja,Beck
Akiko,Becker
Akilah,Beltran
Al,Bender
Alaina,Benitez
Alaine,Benjamin
Alan,Benson
Alana,Bentley
Alane,Benton
Alanna,Berg
Alayna,Berger
Alba,Bernal
Albert,Bernard
Alberta,Berry
Albertha,Best
Albertina,Bird
Albertine,Bishop
Alberto,Black
Albina,Blackburn
Alda,Blackwell
Alden,Blair
Aldo,Blake
Alease,Blanchard
Alec,Blankenship
Alecia,Blevins
Aleen,Bolton
Aleida,Bond
Aleisha,Bonilla
Alejandra,Bonner
Alejandrina,Booker
Alejandro,Boone
Alena,Booth
Alene,Bowen
Alesha,Bowers
Aleshia,Bowman
Alesia,Boyd
Alessandra,Boyer
Aleta,Boyle
Aletha,Bradford
Alethea,Bradley
Alethia,Bradshaw
